INSERT INTO `suitecrm`.`haa_codes` (`id`, `name`, `date_entered`, `date_modified`, `modified_user_id`, `created_by`, `description`, `deleted`, `assigned_user_id`, `code_type`, `haa_ff_id`, `code_tag`) VALUES ('4c706a90-8b1e-cb53-c5d2-5805efa7fb8c', '面试', '2016-10-18 09:45:31', '2016-10-19 03:29:38', '1', '1', '任务：面试', '0', '', 'task_type', '91d703fb-985a-e27d-f01c-5806e8f4d329', NULL);
INSERT INTO `suitecrm`.`haa_codes` (`id`, `name`, `date_entered`, `date_modified`, `modified_user_id`, `created_by`, `description`, `deleted`, `assigned_user_id`, `code_type`, `haa_ff_id`, `code_tag`) VALUES ('c7ac5351-fbe7-c904-787c-5805efbca506', '签约', '2016-10-18 09:46:19', '2016-10-18 09:46:19', '1', '1', '', '0', NULL, 'task_type', '', '');
INSERT INTO `suitecrm`.`haa_ff` (`id`, `name`, `date_entered`, `date_modified`, `modified_user_id`, `created_by`, `description`, `deleted`, `assigned_user_id`, `module`, `status`, `hat_domains_id`, `ff_module`, `haa_frameworks_id`) VALUES ('91d703fb-985a-e27d-f01c-5806e8f4d329', '任务：面试', '2016-10-19 03:28:39', '2016-10-19 03:34:18', '1', '1', '任务：面试', '0', '', NULL, 'Active', NULL, 'Tasks', 'b2a1d141-08e2-432d-a793-57ec7b033ef9');
INSERT INTO `suitecrm`.`haa_ff_fields` (`id`, `name`, `date_entered`, `date_modified`, `modified_user_id`, `created_by`, `description`, `deleted`, `assigned_user_id`, `haa_ff_id`, `field`, `att_label`, `att_required`, `att_hide`, `att_keep_position`, `default_val`, `fieldtype`, `listfilter`, `mask`) VALUES ('389c1630-f3e0-d4ca-2ce2-5806e8126bee', '', '2016-10-19 03:28:39', '2016-10-19 03:34:18', '1', '1', NULL, '0', '', '91d703fb-985a-e27d-f01c-5806e8f4d329', 'assigned_user_name', NULL, '1', '1', '1', NULL, 'DEFAULT', NULL, NULL);
INSERT INTO `suitecrm`.`haa_ff_fields` (`id`, `name`, `date_entered`, `date_modified`, `modified_user_id`, `created_by`, `description`, `deleted`, `assigned_user_id`, `haa_ff_id`, `field`, `att_label`, `att_required`, `att_hide`, `att_keep_position`, `default_val`, `fieldtype`, `listfilter`, `mask`) VALUES ('45f91211-8317-31ad-5765-5806e84a83ef', '', '2016-10-19 03:28:39', '2016-10-19 03:34:18', '1', '1', NULL, '0', '', '91d703fb-985a-e27d-f01c-5806e8f4d329', 'attribute1_c', NULL, '0', '1', '1', NULL, 'DEFAULT', NULL, NULL);
INSERT INTO `suitecrm`.`haa_ff_fields` (`id`, `name`, `date_entered`, `date_modified`, `modified_user_id`, `created_by`, `description`, `deleted`, `assigned_user_id`, `haa_ff_id`, `field`, `att_label`, `att_required`, `att_hide`, `att_keep_position`, `default_val`, `fieldtype`, `listfilter`, `mask`) VALUES ('548cd2a2-b5d5-1506-aab8-5806e863369f', '', '2016-10-19 03:28:39', '2016-10-19 03:34:18', '1', '1', NULL, '0', '', '91d703fb-985a-e27d-f01c-5806e8f4d329', 'attribute2_c', NULL, '0', '1', '1', NULL, 'DEFAULT', NULL, NULL);
INSERT INTO `suitecrm`.`haa_ff_fields` (`id`, `name`, `date_entered`, `date_modified`, `modified_user_id`, `created_by`, `description`, `deleted`, `assigned_user_id`, `haa_ff_id`, `field`, `att_label`, `att_required`, `att_hide`, `att_keep_position`, `default_val`, `fieldtype`, `listfilter`, `mask`) VALUES ('62740f21-419f-b740-166f-5806e841c68e', '', '2016-10-19 03:28:39', '2016-10-19 03:34:18', '1', '1', NULL, '0', '', '91d703fb-985a-e27d-f01c-5806e8f4d329', 'attribute3_c', NULL, '0', '1', '1', NULL, 'DEFAULT', NULL, NULL);
INSERT INTO `suitecrm`.`haa_ff_fields` (`id`, `name`, `date_entered`, `date_modified`, `modified_user_id`, `created_by`, `description`, `deleted`, `assigned_user_id`, `haa_ff_id`, `field`, `att_label`, `att_required`, `att_hide`, `att_keep_position`, `default_val`, `fieldtype`, `listfilter`, `mask`) VALUES ('6ff1f3c0-01ef-32f3-5b0c-5806e860fbf5', '', '2016-10-19 03:28:39', '2016-10-19 03:34:18', '1', '1', NULL, '0', '', '91d703fb-985a-e27d-f01c-5806e8f4d329', 'attribute4_c', NULL, '0', '1', '1', NULL, 'DEFAULT', NULL, NULL);
INSERT INTO `suitecrm`.`haa_ff_fields` (`id`, `name`, `date_entered`, `date_modified`, `modified_user_id`, `created_by`, `description`, `deleted`, `assigned_user_id`, `haa_ff_id`, `field`, `att_label`, `att_required`, `att_hide`, `att_keep_position`, `default_val`, `fieldtype`, `listfilter`, `mask`) VALUES ('7deac603-1f93-b063-1222-5806e82d9ffb', '', '2016-10-19 03:28:39', '2016-10-19 03:34:18', '1', '1', NULL, '0', '', '91d703fb-985a-e27d-f01c-5806e8f4d329', 'attribute5_c', NULL, '0', '1', '1', NULL, 'DEFAULT', NULL, NULL);
INSERT INTO `suitecrm`.`haa_ff_fields` (`id`, `name`, `date_entered`, `date_modified`, `modified_user_id`, `created_by`, `description`, `deleted`, `assigned_user_id`, `haa_ff_id`, `field`, `att_label`, `att_required`, `att_hide`, `att_keep_position`, `default_val`, `fieldtype`, `listfilter`, `mask`) VALUES ('8a752cac-97b7-4e2d-4fe2-5806e8e91757', '', '2016-10-19 03:28:39', '2016-10-19 03:34:18', '1', '1', NULL, '0', '', '91d703fb-985a-e27d-f01c-5806e8f4d329', 'attribute7_c', NULL, '0', '1', '1', NULL, 'DEFAULT', NULL, NULL);
INSERT INTO `suitecrm`.`haa_ff_fields` (`id`, `name`, `date_entered`, `date_modified`, `modified_user_id`, `created_by`, `description`, `deleted`, `assigned_user_id`, `haa_ff_id`, `field`, `att_label`, `att_required`, `att_hide`, `att_keep_position`, `default_val`, `fieldtype`, `listfilter`, `mask`) VALUES ('9759141f-c9eb-5136-8022-5806e83856b0', '', '2016-10-19 03:28:39', '2016-10-19 03:34:18', '1', '1', NULL, '0', '', '91d703fb-985a-e27d-f01c-5806e8f4d329', 'attribute8_c', NULL, '0', '1', '1', NULL, 'DEFAULT', NULL, NULL);
INSERT INTO `suitecrm`.`haa_ff_fields` (`id`, `name`, `date_entered`, `date_modified`, `modified_user_id`, `created_by`, `description`, `deleted`, `assigned_user_id`, `haa_ff_id`, `field`, `att_label`, `att_required`, `att_hide`, `att_keep_position`, `default_val`, `fieldtype`, `listfilter`, `mask`) VALUES ('a4568d4c-c488-9ea5-a678-5806e8562313', '', '2016-10-19 03:28:39', '2016-10-19 03:34:18', '1', '1', NULL, '0', '', '91d703fb-985a-e27d-f01c-5806e8f4d329', 'contact_name', NULL, '0', '1', '1', NULL, 'HIDE', NULL, NULL);
INSERT INTO `suitecrm`.`haa_ff_fields` (`id`, `name`, `date_entered`, `date_modified`, `modified_user_id`, `created_by`, `description`, `deleted`, `assigned_user_id`, `haa_ff_id`, `field`, `att_label`, `att_required`, `att_hide`, `att_keep_position`, `default_val`, `fieldtype`, `listfilter`, `mask`) VALUES ('a9ee355d-bbf5-6601-4805-5806e89d9524', '', '2016-10-19 03:28:39', '2016-10-19 03:34:18', '1', '1', NULL, '0', '', '91d703fb-985a-e27d-f01c-5806e8f4d329', 'date_due', NULL, '0', '1', '1', NULL, 'HIDE', NULL, NULL);
INSERT INTO `suitecrm`.`haa_ff_fields` (`id`, `name`, `date_entered`, `date_modified`, `modified_user_id`, `created_by`, `description`, `deleted`, `assigned_user_id`, `haa_ff_id`, `field`, `att_label`, `att_required`, `att_hide`, `att_keep_position`, `default_val`, `fieldtype`, `listfilter`, `mask`) VALUES ('b1185edc-092c-c627-a7a1-5806e88b44ac', '', '2016-10-19 03:28:39', '2016-10-19 03:34:18', '1', '1', NULL, '0', '', '91d703fb-985a-e27d-f01c-5806e8f4d329', 'date_start', NULL, '0', '1', '1', NULL, 'DEFAULT', NULL, NULL);
INSERT INTO `suitecrm`.`haa_ff_fields` (`id`, `name`, `date_entered`, `date_modified`, `modified_user_id`, `created_by`, `description`, `deleted`, `assigned_user_id`, `haa_ff_id`, `field`, `att_label`, `att_required`, `att_hide`, `att_keep_position`, `default_val`, `fieldtype`, `listfilter`, `mask`) VALUES ('bf8e0a3a-79d8-9c8c-fc52-5806e8dd4734', '', '2016-10-19 03:28:39', '2016-10-19 03:34:18', '1', '1', NULL, '0', '', '91d703fb-985a-e27d-f01c-5806e8f4d329', 'description', NULL, '0', '1', '1', NULL, 'DEFAULT', NULL, NULL);
INSERT INTO `suitecrm`.`haa_ff_fields` (`id`, `name`, `date_entered`, `date_modified`, `modified_user_id`, `created_by`, `description`, `deleted`, `assigned_user_id`, `haa_ff_id`, `field`, `att_label`, `att_required`, `att_hide`, `att_keep_position`, `default_val`, `fieldtype`, `listfilter`, `mask`) VALUES ('cc8f736f-5609-12db-f17f-5806e8e84d23', '', '2016-10-19 03:28:39', '2016-10-19 03:34:18', '1', '1', NULL, '0', '', '91d703fb-985a-e27d-f01c-5806e8f4d329', 'name', NULL, '0', '1', '1', NULL, 'DEFAULT', NULL, NULL);
INSERT INTO `suitecrm`.`haa_ff_fields` (`id`, `name`, `date_entered`, `date_modified`, `modified_user_id`, `created_by`, `description`, `deleted`, `assigned_user_id`, `haa_ff_id`, `field`, `att_label`, `att_required`, `att_hide`, `att_keep_position`, `default_val`, `fieldtype`, `listfilter`, `mask`) VALUES ('77c37112-f523-4453-373d-5806e9d80aec', '', '2016-10-19 03:34:18', '2016-10-19 03:34:18', '1', '1', NULL, '0', NULL, '91d703fb-985a-e27d-f01c-5806e8f4d329', 'status', NULL, '0', '1', '1', '', 'HIDE', '', '');
INSERT INTO `suitecrm`.`haa_ff_fields` (`id`, `name`, `date_entered`, `date_modified`, `modified_user_id`, `created_by`, `description`, `deleted`, `assigned_user_id`, `haa_ff_id`, `field`, `att_label`, `att_required`, `att_hide`, `att_keep_position`, `default_val`, `fieldtype`, `listfilter`, `mask`) VALUES ('80830fcb-9aaa-dc38-1e38-5806e92ae268', '', '2016-10-19 03:34:18', '2016-10-19 03:34:18', '1', '1', NULL, '0', NULL, '91d703fb-985a-e27d-f01c-5806e8f4d329', 'priority', NULL, '0', '1', '1', '', 'HIDE', '', '');
INSERT INTO `suitecrm`.`haa_ff_fields` (`id`, `name`, `date_entered`, `date_modified`, `modified_user_id`, `created_by`, `description`, `deleted`, `assigned_user_id`, `haa_ff_id`, `field`, `att_label`, `att_required`, `att_hide`, `att_keep_position`, `default_val`, `fieldtype`, `listfilter`, `mask`) VALUES ('874471de-3510-ddc8-d87f-5806e9b6fcaf', '', '2016-10-19 03:34:18', '2016-10-19 03:34:18', '1', '1', NULL, '0', NULL, '91d703fb-985a-e27d-f01c-5806e8f4d329', 'parent_type', NULL, '0', '1', '1', '', 'HIDE', '', '');
INSERT INTO `suitecrm`.`haa_ff_fields` (`id`, `name`, `date_entered`, `date_modified`, `modified_user_id`, `created_by`, `description`, `deleted`, `assigned_user_id`, `haa_ff_id`, `field`, `att_label`, `att_required`, `att_hide`, `att_keep_position`, `default_val`, `fieldtype`, `listfilter`, `mask`) VALUES ('8e1254fa-5bbf-e9b4-88ff-5806e9a5cf46', '', '2016-10-19 03:34:18', '2016-10-19 03:34:18', '1', '1', NULL, '0', NULL, '91d703fb-985a-e27d-f01c-5806e8f4d329', 'parent_id', NULL, '0', '1', '1', '', 'HIDE', '', '');
INSERT INTO `suitecrm`.`haa_ff_labels` (`id`, `name`, `date_entered`, `date_modified`, `modified_user_id`, `created_by`, `description`, `deleted`, `assigned_user_id`, `lang`, `haa_ff_field_id`) VALUES ('3f29e368-80da-a221-7396-5806e8b6cfdc', '面试官', '2016-10-19 03:28:39', '2016-10-19 03:34:18', '1', '1', NULL, '0', NULL, 'zh_CN', '389c1630-f3e0-d4ca-2ce2-5806e8126bee');
INSERT INTO `suitecrm`.`haa_ff_labels` (`id`, `name`, `date_entered`, `date_modified`, `modified_user_id`, `created_by`, `description`, `deleted`, `assigned_user_id`, `lang`, `haa_ff_field_id`) VALUES ('4d6a18ad-13ca-ddb8-45fc-5806e86714fc', '初步结论', '2016-10-19 03:28:39', '2016-10-19 03:34:18', '1', '1', NULL, '0', NULL, 'zh_CN', '45f91211-8317-31ad-5765-5806e84a83ef');
INSERT INTO `suitecrm`.`haa_ff_labels` (`id`, `name`, `date_entered`, `date_modified`, `modified_user_id`, `created_by`, `description`, `deleted`, `assigned_user_id`, `lang`, `haa_ff_field_id`) VALUES ('5c2cfec6-e7d5-0852-5cf4-5806e8b428b6', '初步结论说明', '2016-10-19 03:28:39', '2016-10-19 03:34:18', '1', '1', NULL, '0', NULL, 'zh_CN', '548cd2a2-b5d5-1506-aab8-5806e863369f');
INSERT INTO `suitecrm`.`haa_ff_labels` (`id`, `name`, `date_entered`, `date_modified`, `modified_user_id`, `created_by`, `description`, `deleted`, `assigned_user_id`, `lang`, `haa_ff_field_id`) VALUES ('69819bd9-4a5d-f10e-ba00-5806e8f89cab', '是否进店', '2016-10-19 03:28:39', '2016-10-19 03:34:18', '1', '1', NULL, '0', NULL, 'zh_CN', '62740f21-419f-b740-166f-5806e841c68e');
INSERT INTO `suitecrm`.`haa_ff_labels` (`id`, `name`, `date_entered`, `date_modified`, `modified_user_id`, `created_by`, `description`, `deleted`, `assigned_user_id`, `lang`, `haa_ff_field_id`) VALUES ('77630265-003c-3169-b07c-5806e82402d5', '面试方式', '2016-10-19 03:28:39', '2016-10-19 03:34:18', '1', '1', NULL, '0', NULL, 'zh_CN', '6ff1f3c0-01ef-32f3-5b0c-5806e860fbf5');
INSERT INTO `suitecrm`.`haa_ff_labels` (`id`, `name`, `date_entered`, `date_modified`, `modified_user_id`, `created_by`, `description`, `deleted`, `assigned_user_id`, `lang`, `haa_ff_field_id`) VALUES ('8469cdc3-0992-1c01-ebf4-5806e89a29c9', '签约模式', '2016-10-19 03:28:39', '2016-10-19 03:34:18', '1', '1', NULL, '0', NULL, 'zh_CN', '7deac603-1f93-b063-1222-5806e82d9ffb');
INSERT INTO `suitecrm`.`haa_ff_labels` (`id`, `name`, `date_entered`, `date_modified`, `modified_user_id`, `created_by`, `description`, `deleted`, `assigned_user_id`, `lang`, `haa_ff_field_id`) VALUES ('90de2cd4-7971-3027-34c0-5806e8608c54', '原因备注', '2016-10-19 03:28:39', '2016-10-19 03:34:18', '1', '1', NULL, '0', NULL, 'zh_CN', '8a752cac-97b7-4e2d-4fe2-5806e8e91757');
INSERT INTO `suitecrm`.`haa_ff_labels` (`id`, `name`, `date_entered`, `date_modified`, `modified_user_id`, `created_by`, `description`, `deleted`, `assigned_user_id`, `lang`, `haa_ff_field_id`) VALUES ('9e112c41-1bb5-6204-a4ad-5806e81cd0f0', '车库未提车数量', '2016-10-19 03:28:39', '2016-10-19 03:34:18', '1', '1', NULL, '0', NULL, 'zh_CN', '9759141f-c9eb-5136-8022-5806e83856b0');
INSERT INTO `suitecrm`.`haa_ff_labels` (`id`, `name`, `date_entered`, `date_modified`, `modified_user_id`, `created_by`, `description`, `deleted`, `assigned_user_id`, `lang`, `haa_ff_field_id`) VALUES ('b8db01a0-6089-f24d-c116-5806e8735256', '同意面试预约时间', '2016-10-19 03:28:39', '2016-10-19 03:34:18', '1', '1', NULL, '0', NULL, 'zh_CN', 'b1185edc-092c-c627-a7a1-5806e88b44ac');
INSERT INTO `suitecrm`.`haa_ff_labels` (`id`, `name`, `date_entered`, `date_modified`, `modified_user_id`, `created_by`, `description`, `deleted`, `assigned_user_id`, `lang`, `haa_ff_field_id`) VALUES ('c7098732-1ee5-e90e-c303-5806e883f2f2', '跟进结果', '2016-10-19 03:28:39', '2016-10-19 03:34:18', '1', '1', NULL, '0', NULL, 'zh_CN', 'bf8e0a3a-79d8-9c8c-fc52-5806e8dd4734');
INSERT INTO `suitecrm`.`haa_ff_labels` (`id`, `name`, `date_entered`, `date_modified`, `modified_user_id`, `created_by`, `description`, `deleted`, `assigned_user_id`, `lang`, `haa_ff_field_id`) VALUES ('d438e23c-f502-e2fb-68cd-5806e8352484', '面试轮次', '2016-10-19 03:28:39', '2016-10-19 03:34:18', '1', '1', NULL, '0', NULL, 'zh_CN', 'cc8f736f-5609-12db-f17f-5806e8e84d23');
INSERT INTO `suitecrm`.`fields_meta_data` (`id`, `name`, `vname`, `comments`, `help`, `custom_module`, `type`, `len`, `required`, `default_value`, `date_modified`, `deleted`, `audited`, `massupdate`, `duplicate_merge`, `reportable`, `importable`, `ext1`, `ext2`, `ext3`, `ext4`) VALUES ('Tasksattribute2_c', 'attribute2_c', 'LBL_ATTRIBUTE2', '', '', 'Tasks', 'varchar', '255', '0', '', '2016-10-18 08:50:46', '0', '0', '0', '0', '1', 'true', '', '', '', '');
INSERT INTO `suitecrm`.`fields_meta_data` (`id`, `name`, `vname`, `comments`, `help`, `custom_module`, `type`, `len`, `required`, `default_value`, `date_modified`, `deleted`, `audited`, `massupdate`, `duplicate_merge`, `reportable`, `importable`, `ext1`, `ext2`, `ext3`, `ext4`) VALUES ('Tasksattribute1_c', 'attribute1_c', 'LBL_ATTRIBUTE1', '', '', 'Tasks', 'varchar', '255', '0', '', '2016-10-18 08:45:56', '0', '0', '0', '0', '1', 'true', '', '', '', '');
INSERT INTO `suitecrm`.`fields_meta_data` (`id`, `name`, `vname`, `comments`, `help`, `custom_module`, `type`, `len`, `required`, `default_value`, `date_modified`, `deleted`, `audited`, `massupdate`, `duplicate_merge`, `reportable`, `importable`, `ext1`, `ext2`, `ext3`, `ext4`) VALUES ('Tasksattribute3_c', 'attribute3_c', 'LBL_ATTRIBUTE3', '', '', 'Tasks', 'varchar', '255', '0', '', '2016-10-18 08:51:37', '0', '0', '0', '0', '1', 'true', '', '', '', '');
INSERT INTO `suitecrm`.`fields_meta_data` (`id`, `name`, `vname`, `comments`, `help`, `custom_module`, `type`, `len`, `required`, `default_value`, `date_modified`, `deleted`, `audited`, `massupdate`, `duplicate_merge`, `reportable`, `importable`, `ext1`, `ext2`, `ext3`, `ext4`) VALUES ('Tasksattribute4_c', 'attribute4_c', 'LBL_ATTRIBUTE4', '', '', 'Tasks', 'varchar', '255', '0', '', '2016-10-18 08:52:13', '0', '0', '0', '0', '1', 'true', '', '', '', '');
INSERT INTO `suitecrm`.`fields_meta_data` (`id`, `name`, `vname`, `comments`, `help`, `custom_module`, `type`, `len`, `required`, `default_value`, `date_modified`, `deleted`, `audited`, `massupdate`, `duplicate_merge`, `reportable`, `importable`, `ext1`, `ext2`, `ext3`, `ext4`) VALUES ('Tasksattribute5_c', 'attribute5_c', 'LBL_ATTRIBUTE5', '', '', 'Tasks', 'varchar', '255', '0', '', '2016-10-18 08:53:07', '0', '0', '0', '0', '1', 'true', '', '', '', '');
INSERT INTO `suitecrm`.`fields_meta_data` (`id`, `name`, `vname`, `comments`, `help`, `custom_module`, `type`, `len`, `required`, `default_value`, `date_modified`, `deleted`, `audited`, `massupdate`, `duplicate_merge`, `reportable`, `importable`, `ext1`, `ext2`, `ext3`, `ext4`) VALUES ('Tasksattribute6_c', 'attribute6_c', 'LBL_ATTRIBUTE6', '', '', 'Tasks', 'varchar', '255', '0', '', '2016-10-18 08:53:46', '0', '0', '0', '0', '1', 'true', '', '', '', '');
INSERT INTO `suitecrm`.`fields_meta_data` (`id`, `name`, `vname`, `comments`, `help`, `custom_module`, `type`, `len`, `required`, `default_value`, `date_modified`, `deleted`, `audited`, `massupdate`, `duplicate_merge`, `reportable`, `importable`, `ext1`, `ext2`, `ext3`, `ext4`) VALUES ('Tasksattribute7_c', 'attribute7_c', 'LBL_ATTRIBUTE7', '', '', 'Tasks', 'varchar', '255', '0', '', '2016-10-18 08:54:24', '0', '0', '0', '0', '1', 'true', '', '', '', '');
INSERT INTO `suitecrm`.`fields_meta_data` (`id`, `name`, `vname`, `comments`, `help`, `custom_module`, `type`, `len`, `required`, `default_value`, `date_modified`, `deleted`, `audited`, `massupdate`, `duplicate_merge`, `reportable`, `importable`, `ext1`, `ext2`, `ext3`, `ext4`) VALUES ('Tasksattribute8_c', 'attribute8_c', 'LBL_ATTRIBUTE8', '', '', 'Tasks', 'varchar', '255', '0', '', '2016-10-18 08:54:59', '0', '0', '0', '0', '1', 'true', '', '', '', '');
INSERT INTO `suitecrm`.`fields_meta_data` (`id`, `name`, `vname`, `comments`, `help`, `custom_module`, `type`, `len`, `required`, `default_value`, `date_modified`, `deleted`, `audited`, `massupdate`, `duplicate_merge`, `reportable`, `importable`, `ext1`, `ext2`, `ext3`, `ext4`) VALUES ('Taskstask_type_c', 'task_type_c', 'LBL_TASK_TYPE', NULL, NULL, 'Tasks', 'relate', '255', '1', NULL, '2016-10-19 04:58:55', '0', '0', '0', '0', '1', 'true', NULL, 'HAA_Codes', 'haa_codes_id_c', NULL);
INSERT INTO `suitecrm`.`fields_meta_data` (`id`, `name`, `vname`, `comments`, `help`, `custom_module`, `type`, `len`, `required`, `default_value`, `date_modified`, `deleted`, `audited`, `massupdate`, `duplicate_merge`, `reportable`, `importable`, `ext1`, `ext2`, `ext3`, `ext4`) VALUES ('Taskshaa_codes_id_c', 'haa_codes_id_c', 'LBL_TASK_TYPE_HAA_CODES_ID', '', '', 'Tasks', 'id', '36', '0', NULL, '2016-10-19 04:54:53', '0', '0', '0', '0', '0', 'true', '', '', '', '');

DROP TABLE IF EXISTS `suitecrm`.`tasks_cstm`;
CREATE TABLE `suitecrm`.`tasks_cstm` (
  `id_c` char(36) NOT NULL,
  `attribute1_c` varchar(255) DEFAULT NULL,
  `attribute2_c` varchar(255) DEFAULT NULL,
  `attribute3_c` varchar(255) DEFAULT NULL,
  `attribute4_c` varchar(255) DEFAULT NULL,
  `attribute5_c` varchar(255) DEFAULT NULL,
  `attribute6_c` varchar(255) DEFAULT NULL,
  `attribute7_c` varchar(255) DEFAULT NULL,
  `attribute8_c` varchar(255) DEFAULT NULL,
  `haa_codes_id_c` char(36) DEFAULT NULL,
  PRIMARY KEY (`id_c`)
) ENGINE=MyISAM DEFAULT CHARSET=utf8;